file	unit	kind	callers	intent	constraints	evidence	decision	reason
zr_vm_parser/src/zr_vm_parser/semantic/semantic_query_canonical.c	canonical_query_same_source	helper	canonical_query_contains@zr_vm_parser/src/zr_vm_parser/semantic/semantic_query_canonical.c:26	统一源码标识比较，按对象身份或非空字符串内容判等	两端为空时仅因指针同一而相等；单侧缺失不匹配；不归一化路径	zr_vm_parser/src/zr_vm_parser/semantic/semantic_query_canonical.c:9;tests/parser/test_semantic_query_call_source_identity_cases.h:94	commented	来源身份是范围与事实关联的共同前提
zr_vm_parser/src/zr_vm_parser/semantic/semantic_query_canonical.c	canonical_query_same_optional_source_exact	helper	canonical_query_ranges_equal@zr_vm_parser/src/zr_vm_parser/semantic/semantic_query_canonical.c:63;canonical_query_call_argument_mappings_valid@zr_vm_parser/src/zr_vm_parser/semantic/semantic_query_canonical.c:249;canonical_query_call_reference_is_candidate@zr_vm_parser/src/zr_vm_parser/semantic/semantic_query_canonical.c:268;ZrParser_SemanticQuery_CallAt@zr_vm_parser/src/zr_vm_parser/semantic/semantic_query_canonical.c:387,410	统一可缺省源码键的精确比较入口	缺省键只与缺省键匹配；非空键仍按指针或内容比较	zr_vm_parser/src/zr_vm_parser/semantic/semantic_query_canonical.c:16;zr_vm_parser/src/zr_vm_parser/semantic/semantic_query_canonical.c:17;tests/parser/test_semantic_query_call_source_identity_cases.h:94;tests/parser/test_semantic_query_call_source_identity_cases.h:111;tests/parser/test_semantic_query_call_source_identity_cases.h:128	commented	调用引用和调用目标必须来自同一源码
zr_vm_parser/src/zr_vm_parser/semantic/semantic_query_canonical.c	canonical_query_contains	helper	canonical_query_scope_allows@zr_vm_parser/src/zr_vm_parser/semantic/semantic_query_canonical.c:48;canonical_query_call_argument_mappings_valid@zr_vm_parser/src/zr_vm_parser/semantic/semantic_query_canonical.c:251;canonical_query_call_reference_is_candidate@zr_vm_parser/src/zr_vm_parser/semantic/semantic_query_canonical.c:270;ZrParser_SemanticQuery_CallAt@zr_vm_parser/src/zr_vm_parser/semantic/semantic_query_canonical.c:389;ZrParser_SemanticQuery_FormatCall@zr_vm_parser/src/zr_vm_parser/semantic/semantic_query_canonical.c:514	校验两个源码范围的包含关系	来源不同直接失败；任一 offset 可用时只按 offset；否则按行列包含	zr_vm_parser/src/zr_vm_parser/semantic/semantic_query_canonical.c:23;zr_vm_parser/src/zr_vm_parser/semantic/semantic_query_canonical.c:26;zr_vm_parser/src/zr_vm_parser/semantic/semantic_query_canonical.c:29;zr_vm_parser/src/zr_vm_parser/semantic/semantic_query_canonical.c:32;tests/parser/test_semantic_query_call_source_identity_cases.h:94;tests/parser/test_semantic_query_call_source_identity_cases.h:111	commented	统一偏移与行列回退规则
zr_vm_parser/src/zr_vm_parser/semantic/semantic_query_canonical.c	canonical_query_scope_allows	helper	ZrParser_SemanticQuery_CanonicalTypeAt@zr_vm_parser/src/zr_vm_parser/semantic/semantic_query_canonical.c:295,303,309;ZrParser_SemanticQuery_DeclarationOf@zr_vm_parser/src/zr_vm_parser/semantic/semantic_query_canonical.c:341;ZrParser_SemanticQuery_CallAt@zr_vm_parser/src/zr_vm_parser/semantic/semantic_query_canonical.c:376,390	对查询位置或候选事实施加模块/节点范围限制	NULL scope 与模块 scope 不限节点；节点 scope 要求 root 存在且完整包含目标范围	zr_vm_parser/src/zr_vm_parser/semantic/semantic_query_canonical.c:43;zr_vm_parser/src/zr_vm_parser/semantic/semantic_query_canonical.c:44;zr_vm_parser/include/zr_vm_parser/semantic_query.h:32;zr_vm_parser/include/zr_vm_parser/semantic_query.h:33	commented	避免把节点查询提升为模块级命中
zr_vm_parser/src/zr_vm_parser/semantic/semantic_query_canonical.c	canonical_query_width	helper	ZrParser_SemanticQuery_DeclarationOf@zr_vm_parser/src/zr_vm_parser/semantic/semantic_query_canonical.c:345;ZrParser_SemanticQuery_CallAt@zr_vm_parser/src/zr_vm_parser/semantic/semantic_query_canonical.c:393	以 offset 跨度比较候选范围宽度	只按 offset 计算；end 小于 start 时返回最大宽度	zr_vm_parser/src/zr_vm_parser/semantic/semantic_query_canonical.c:52;zr_vm_parser/src/zr_vm_parser/semantic/semantic_query_canonical.c:53;tests/parser/test_semantic_query_call_selection_cases.h:68;tests/parser/test_semantic_query_call_selection_cases.h:156	commented	最窄范围用于声明及调用表达式择优
zr_vm_parser/src/zr_vm_parser/semantic/semantic_query_canonical.c	canonical_query_ranges_equal	helper	canonical_query_call_expressions_equal@zr_vm_parser/src/zr_vm_parser/semantic/semantic_query_canonical.c:91,92;ZrParser_SemanticQuery_CallAt@zr_vm_parser/src/zr_vm_parser/semantic/semantic_query_canonical.c:447	比较来源、起止 offset 与行列坐标是否全部一致	任一位置字段不等即不同；缺失范围不相等	zr_vm_parser/src/zr_vm_parser/semantic/semantic_query_canonical.c:60;zr_vm_parser/src/zr_vm_parser/semantic/semantic_query_canonical.c:63;zr_vm_parser/src/zr_vm_parser/semantic/semantic_query_canonical.c:67;tests/parser/test_semantic_query_call_selection_cases.h:231	commented	同范围冲突检查要求完整坐标相等
zr_vm_parser/src/zr_vm_parser/semantic/semantic_query_canonical.c	canonical_query_optional_strings_equal	helper	canonical_query_call_expressions_equal@zr_vm_parser/src/zr_vm_parser/semantic/semantic_query_canonical.c:94	比较可选调用名称字段	相同指针或非空相同文本相等；两侧缺省相等，单侧缺省不同	zr_vm_parser/src/zr_vm_parser/semantic/semantic_query_canonical.c:76;zr_vm_parser/src/zr_vm_parser/semantic/semantic_query_canonical.c:79;zr_vm_parser/src/zr_vm_parser/semantic/semantic_query_canonical.c:81	commented	调用表达式身份不能被名称缺省差异掩盖
zr_vm_parser/src/zr_vm_parser/semantic/semantic_query_canonical.c	canonical_query_call_expressions_equal	helper	ZrParser_SemanticQuery_CallAt@zr_vm_parser/src/zr_vm_parser/semantic/semantic_query_canonical.c:405	判断同宽调用表达式是否为同一候选	比较 kind、exactness、两段范围、调用名、TypeId、实参数及成员/命名参数标记	zr_vm_parser/src/zr_vm_parser/semantic/semantic_query_canonical.c:85;zr_vm_parser/src/zr_vm_parser/semantic/semantic_query_canonical.c:91;zr_vm_parser/src/zr_vm_parser/semantic/semantic_query_canonical.c:102;tests/parser/test_semantic_query_call_selection_cases.h:231;tests/parser/test_semantic_query_call_selection_cases.h:351	commented	冲突表达式不能依数组先后任意选择
zr_vm_parser/src/zr_vm_parser/semantic/semantic_query_canonical.c	canonical_query_call_reference_has_resolved_target	helper	canonical_query_call_reference_completeness@zr_vm_parser/src/zr_vm_parser/semantic/semantic_query_canonical.c:114;ZrParser_SemanticQuery_CallAt@zr_vm_parser/src/zr_vm_parser/semantic/semantic_query_canonical.c:438,449,475	统一已解析调用目标判定	isResolved 为真且 symbolId 有效才算命中	zr_vm_parser/src/zr_vm_parser/semantic/semantic_query_canonical.c:103;zr_vm_parser/src/zr_vm_parser/semantic/semantic_query_canonical.c:104;zr_vm_parser/src/zr_vm_parser/semantic/semantic_query_canonical.c:106;zr_vm_parser/include/zr_vm_parser/semantic_facts.h:230;zr_vm_parser/include/zr_vm_parser/semantic_facts.h:238;tests/parser/test_cast_operand_facts.c:114;tests/parser/test_cast_operand_facts.c:118	commented	单有调用引用不代表能确定目标符号
zr_vm_parser/src/zr_vm_parser/semantic/semantic_query_canonical.c	canonical_query_call_reference_completeness	helper	ZrParser_SemanticQuery_CallAt@zr_vm_parser/src/zr_vm_parser/semantic/semantic_query_canonical.c:424	按事实完整度挑选目标调用引用	解析目标权重为 8；映射、声明范围、签名和 receiver 只作为补充分值；同分保留先遇到项	zr_vm_parser/src/zr_vm_parser/semantic/semantic_query_canonical.c:110;zr_vm_parser/src/zr_vm_parser/semantic/semantic_query_canonical.c:114;zr_vm_parser/src/zr_vm_parser/semantic/semantic_query_canonical.c:117;zr_vm_parser/src/zr_vm_parser/semantic/semantic_query_canonical.c:123;zr_vm_parser/src/zr_vm_parser/semantic/semantic_query_canonical.c:126;zr_vm_parser/src/zr_vm_parser/semantic/semantic_query_canonical.c:381;zr_vm_parser/src/zr_vm_parser/semantic/semantic_query_canonical.c:424;zr_vm_parser/src/zr_vm_parser/semantic/semantic_query_canonical.c:119	commented	集中解释分值用于选择候选而非对外置信度
zr_vm_parser/src/zr_vm_parser/semantic/semantic_query_canonical.c	canonical_query_call_argument_parameter_type_matches	helper	canonical_query_call_argument_mappings_valid@zr_vm_parser/src/zr_vm_parser/semantic/semantic_query_canonical.c:243	检查实参映射类型是否满足 canonical 参数合同	先接受精确 TypeId；否则只为非值传递合同接受引用参数 pointee 等于推断类型	zr_vm_parser/src/zr_vm_parser/semantic/semantic_query_canonical.c:140;zr_vm_parser/src/zr_vm_parser/semantic/semantic_query_canonical.c:144;zr_vm_parser/src/zr_vm_parser/semantic/semantic_query_canonical.c:146;zr_vm_parser/src/zr_vm_parser/semantic/semantic_query_canonical.c:148;zr_vm_parser/include/zr_vm_parser/semantic_facts.h:216;zr_vm_parser/include/zr_vm_parser/semantic_facts.h:225	commented	解释引用形参与推断参数类型的比较方向
zr_vm_parser/src/zr_vm_parser/semantic/semantic_query_canonical.c	canonical_query_call_argument_passing_matches	helper	canonical_query_call_argument_mappings_valid@zr_vm_parser/src/zr_vm_parser/semantic/semantic_query_canonical.c:245	把规范参数 passingForm 映射到推断 passing mode	只认显式支持的 VALUE/IN/REF/READONLY/OUT 组合；未知枚举失败	zr_vm_parser/src/zr_vm_parser/semantic/semantic_query_canonical.c:163;zr_vm_parser/src/zr_vm_parser/semantic/semantic_query_canonical.c:170;zr_vm_parser/src/zr_vm_parser/semantic/semantic_query_canonical.c:175;zr_vm_parser/src/zr_vm_parser/semantic/semantic_query_canonical.c:178;zr_vm_parser/src/zr_vm_parser/semantic/semantic_query_canonical.c:180	commented	跨 canonical type 与 call fact 的桥接规则
zr_vm_parser/src/zr_vm_parser/semantic/semantic_query_canonical.c	canonical_query_call_argument_parameter_is_unique	helper	canonical_query_call_argument_mappings_valid@zr_vm_parser/src/zr_vm_parser/semantic/semantic_query_canonical.c:238	拒绝把两个实参映射到同一形参	当前条目之前出现无效映射或相同 parameterIndex 即失败	zr_vm_parser/src/zr_vm_parser/semantic/semantic_query_canonical.c:185;zr_vm_parser/src/zr_vm_parser/semantic/semantic_query_canonical.c:176;zr_vm_parser/src/zr_vm_parser/semantic/semantic_query_canonical.c:180;zr_vm_parser/src/zr_vm_parser/semantic/semantic_query_canonical.c:184;zr_vm_parser/include/zr_vm_parser/semantic_facts.h:216;zr_vm_parser/include/zr_vm_parser/semantic_facts.h:225	commented	映射需要唯一占用形参
zr_vm_parser/src/zr_vm_parser/semantic/semantic_query_canonical.c	canonical_query_call_argument_mappings_valid	helper	ZrParser_SemanticQuery_CallAt@zr_vm_parser/src/zr_vm_parser/semantic/semantic_query_canonical.c:462	验证调用实参与规范函数形参之间的映射	空映射可接受；非空映射须与实参数量相等且数组/TypeId/序号/转换/形参/范围均一致	zr_vm_parser/src/zr_vm_parser/semantic/semantic_query_canonical.c:201;zr_vm_parser/src/zr_vm_parser/semantic/semantic_query_canonical.c:194;zr_vm_parser/src/zr_vm_parser/semantic/semantic_query_canonical.c:211;zr_vm_parser/src/zr_vm_parser/semantic/semantic_query_canonical.c:228;zr_vm_parser/src/zr_vm_parser/semantic/semantic_query_canonical.c:238;zr_vm_parser/src/zr_vm_parser/semantic/semantic_query_canonical.c:243;zr_vm_parser/src/zr_vm_parser/semantic/semantic_query_canonical.c:245;zr_vm_parser/src/zr_vm_parser/semantic/semantic_query_canonical.c:251;zr_vm_parser/include/zr_vm_parser/semantic_facts.h:216;zr_vm_parser/include/zr_vm_parser/semantic_facts.h:230;zr_vm_parser/include/zr_vm_parser/semantic_facts.h:251;zr_vm_parser/src/zr_vm_parser/type_inference/type_inference_call_semantic_facts.c:1019;zr_vm_parser/src/zr_vm_parser/type_inference/type_inference_call_semantic_facts.c:1053;tests/parser/test_canonical_consumers.c:714	commented	从 facts 发布桥接到 canonical signature 的完整性门槛
zr_vm_parser/src/zr_vm_parser/semantic/semantic_query_canonical.c	canonical_query_call_reference_is_candidate	helper	ZrParser_SemanticQuery_CallAt@zr_vm_parser/src/zr_vm_parser/semantic/semantic_query_canonical.c:420,445	将引用限定为当前调用目标的规范函数引用	要求 CALL kind、有效函数 TypeId、来源匹配且引用范围位于 callTargetRange 内	zr_vm_parser/src/zr_vm_parser/semantic/semantic_query_canonical.c:260;zr_vm_parser/src/zr_vm_parser/semantic/semantic_query_canonical.c:268;zr_vm_parser/src/zr_vm_parser/semantic/semantic_query_canonical.c:270;zr_vm_parser/src/zr_vm_parser/semantic/semantic_facts.c:894;zr_vm_parser/src/zr_vm_parser/semantic/semantic_facts.c:907;zr_vm_parser/include/zr_vm_parser/canonical_type.h:30	commented	类型身份和源码范围同时约束目标引用
zr_vm_parser/src/zr_vm_parser/semantic/semantic_query_canonical.c	ZrParser_SemanticQuery_CanonicalTypeAt	interface	semantic_query_copy_canonical_type_at@zr_vm_language_server/src/zr_vm_language_server/semantic/lsp_semantic_query.c:103;semantic_format_type_from_ast@zr_vm_language_server/src/zr_vm_language_server/semantic/semantic_analyzer.c:886,893;ZrLanguageServer_SemanticAnalyzer_ResolveTypeAtPosition@zr_vm_language_server/src/zr_vm_language_server/semantic/semantic_analyzer.c:1932	按位置先取引用类型，再回退到允许投影的表达式类型	scope 必须匹配同代 context；输出的事实指针借用 semantic snapshot	zr_vm_parser/src/zr_vm_parser/semantic/semantic_query_canonical.c:285;zr_vm_parser/src/zr_vm_parser/semantic/semantic_query_canonical.c:295;zr_vm_parser/src/zr_vm_parser/semantic/semantic_query_canonical.c:300;zr_vm_parser/src/zr_vm_parser/semantic/semantic_query_canonical.c:303;zr_vm_parser/src/zr_vm_parser/semantic/semantic_query_canonical.c:307;zr_vm_parser/src/zr_vm_parser/semantic/semantic_query_canonical.c:311;zr_vm_parser/src/zr_vm_parser/semantic/semantic_facts.c:869;zr_vm_parser/src/zr_vm_parser/semantic/semantic_facts.c:894;zr_vm_parser/src/zr_vm_parser/type_inference/type_inference_call_semantic_facts.c:1019;zr_vm_parser/src/zr_vm_parser/type_inference/type_inference_call_semantic_facts.c:1053;zr_vm_parser/include/zr_vm_parser/semantic_facts.h:190;zr_vm_parser/include/zr_vm_parser/semantic_facts.h:230;zr_vm_parser/include/zr_vm_parser/semantic_query.h:11;zr_vm_parser/include/zr_vm_parser/semantic_query.h:57;zr_vm_parser/include/zr_vm_parser/semantic_query.h:61;zr_vm_parser/include/zr_vm_parser/semantic_query.h:11;zr_vm_parser/include/zr_vm_parser/semantic_query.h:12;zr_vm_parser/include/zr_vm_parser/semantic_query.h:13	commented	Doxygen 说明类型选择和借用指针有效期
zr_vm_parser/src/zr_vm_parser/semantic/semantic_query_canonical.c	ZrParser_SemanticQuery_DeclarationOf	interface	type_use_bind_declaration@zr_vm_parser/src/zr_vm_parser/semantic/semantic_type_use.c:94;ZrParser_SemanticTypeUse_Publish@zr_vm_parser/src/zr_vm_parser/semantic/semantic_type_use.c:165;semantic_reference_query_append_references_for_symbol_id@zr_vm_language_server/src/zr_vm_language_server/semantic/lsp_semantic_reference_query.c:272;ZrLanguageServer_LspSemanticReferenceQuery_AppendReferences@zr_vm_language_server/src/zr_vm_language_server/semantic/lsp_semantic_reference_query.c:325;semantic_type_hierarchy_resolve_item@zr_vm_language_server/src/zr_vm_language_server/semantic/lsp_semantic_type_hierarchy.c:160;ZrLanguageServer_LspSemanticTypeHierarchy_Prepare@zr_vm_language_server/src/zr_vm_language_server/semantic/lsp_semantic_type_hierarchy.c:302	按 symbolId 和 scope 返回最窄的已解析声明引用	返回指针借用同一语义快照；未知 id/无效事实表/无匹配时返回 NULL	zr_vm_parser/src/zr_vm_parser/semantic/semantic_query_canonical.c:321;zr_vm_parser/src/zr_vm_parser/semantic/semantic_query_canonical.c:329;zr_vm_parser/src/zr_vm_parser/semantic/semantic_query_canonical.c:341;zr_vm_parser/src/zr_vm_parser/semantic/semantic_type_use.c:46;zr_vm_parser/src/zr_vm_parser/semantic/semantic_type_use.c:49;zr_vm_parser/src/zr_vm_parser/semantic/semantic_type_use.c:52;zr_vm_parser/src/zr_vm_parser/semantic/semantic_type_use.c:90;zr_vm_parser/src/zr_vm_parser/semantic/semantic_type_use.c:94;zr_vm_parser/src/zr_vm_parser/semantic/semantic_type_use.c:165;zr_vm_parser/include/zr_vm_parser/semantic_query.h:11;zr_vm_parser/include/zr_vm_parser/semantic_query.h:294;zr_vm_parser/include/zr_vm_parser/semantic_query.h:297;zr_vm_parser/src/zr_vm_parser/semantic/semantic_query_canonical.c:319;zr_vm_parser/src/zr_vm_parser/semantic/semantic_query_canonical.c:352;zr_vm_parser/include/zr_vm_parser/semantic_query.h:11;zr_vm_parser/include/zr_vm_parser/semantic_query.h:12;zr_vm_parser/include/zr_vm_parser/semantic_query.h:13	commented	Doxygen 说明 symbol association 及事实数组生命周期
zr_vm_parser/src/zr_vm_parser/semantic/semantic_query_canonical.c	ZrParser_SemanticQuery_CallAt	interface	ZrParser_SemanticQuery_CallCandidatesAt@zr_vm_parser/src/zr_vm_parser/semantic/semantic_calls.c:712;ZrLanguageServer_LspCanonicalSignatureHelp_Resolve@zr_vm_language_server/src/zr_vm_language_server/lsp_canonical_signature_help.c:151;ZrLanguageServer_LspCanonicalSignatureHelp_TryGetResolvedCallReferenceRange@zr_vm_language_server/src/zr_vm_language_server/lsp_canonical_signature_help.c:192;ZrLanguageServer_LspCanonicalSignatureHelp_ResolveReceiverHover@zr_vm_language_server/src/zr_vm_language_server/lsp_canonical_signature_help.c:254;ZrLanguageServer_LspCanonicalSignatureHelp_ResolveExternalCallableHover@zr_vm_language_server/src/zr_vm_language_server/lsp_canonical_signature_help.c:316;ZrLanguageServer_Lsp_GetHover@zr_vm_language_server/src/zr_vm_language_server/interface/lsp_interface.c:1969	按位置挑唯一最窄调用表达式并关联完整度最高的调用引用	失败清零输出；目标可以未解析；expression/reference/argumentMappings 借用同一快照；映射不自洽或范围冲突时失败	zr_vm_parser/src/zr_vm_parser/semantic/semantic_query_canonical.c:361;zr_vm_parser/src/zr_vm_parser/semantic/semantic_query_canonical.c:373;zr_vm_parser/src/zr_vm_parser/semantic/semantic_query_canonical.c:374;zr_vm_parser/src/zr_vm_parser/semantic/semantic_query_canonical.c:397;zr_vm_parser/src/zr_vm_parser/semantic/semantic_query_canonical.c:405;zr_vm_parser/src/zr_vm_parser/semantic/semantic_query_canonical.c:420;zr_vm_parser/src/zr_vm_parser/semantic/semantic_query_canonical.c:424;zr_vm_parser/src/zr_vm_parser/semantic/semantic_query_canonical.c:438;zr_vm_parser/src/zr_vm_parser/semantic/semantic_query_canonical.c:447;zr_vm_parser/src/zr_vm_parser/semantic/semantic_query_canonical.c:462;zr_vm_parser/src/zr_vm_parser/semantic/semantic_query_canonical.c:475;zr_vm_parser/src/zr_vm_parser/type_inference/type_inference_call_semantic_facts.c:1019;zr_vm_parser/src/zr_vm_parser/type_inference/type_inference_call_semantic_facts.c:1053;zr_vm_parser/include/zr_vm_parser/semantic_facts.h:190;zr_vm_parser/include/zr_vm_parser/semantic_facts.h:264;zr_vm_parser/include/zr_vm_parser/semantic_query.h:11;zr_vm_parser/include/zr_vm_parser/semantic_query.h:65;zr_vm_parser/include/zr_vm_parser/semantic_query.h:79;zr_vm_language_server/src/zr_vm_language_server/lsp_canonical_signature_help.c:151;zr_vm_language_server/src/zr_vm_language_server/lsp_canonical_signature_help.c:152;zr_vm_parser/include/zr_vm_parser/semantic_query.h:11;zr_vm_parser/include/zr_vm_parser/semantic_query.h:12;zr_vm_parser/include/zr_vm_parser/semantic_query.h:13	commented	Doxygen 交代候选选择、映射校验与借用生命周期
zr_vm_parser/src/zr_vm_parser/semantic/semantic_query_canonical.c	ZrParser_SemanticQuery_FormatCall	interface	ZrLanguageServer_LspCanonicalSignatureHelp_Resolve@zr_vm_language_server/src/zr_vm_language_server/lsp_canonical_signature_help.c:152;ZrLanguageServer_LspCanonicalSignatureHelp_ResolveReceiverHover@zr_vm_language_server/src/zr_vm_language_server/lsp_canonical_signature_help.c:260;ZrLanguageServer_LspCanonicalSignatureHelp_ResolveExternalCallableHover@zr_vm_language_server/src/zr_vm_language_server/lsp_canonical_signature_help.c:323	优先复制事实签名，否则格式化 canonical callable type	调用查询必须仍属于原快照；调用方提供非零可写缓冲；超长签名返回失败且不能使用截断文本	zr_vm_parser/src/zr_vm_parser/semantic/semantic_query_canonical.c:493;zr_vm_parser/src/zr_vm_parser/semantic/semantic_query_canonical.c:526;zr_vm_parser/src/zr_vm_parser/canonical_type_format.c:504;zr_vm_parser/include/zr_vm_parser/canonical_type.h:366;zr_vm_parser/include/zr_vm_parser/semantic_query.h:11;zr_vm_parser/include/zr_vm_parser/semantic_query.h:243;zr_vm_parser/include/zr_vm_parser/semantic_query.h:247;tests/parser/test_canonical_consumers.c:571;tests/parser/test_canonical_consumers.c:626;tests/parser/test_canonical_consumers.c:637;zr_vm_parser/include/zr_vm_parser/semantic_query.h:11;zr_vm_parser/include/zr_vm_parser/semantic_query.h:12;zr_vm_parser/include/zr_vm_parser/semantic_query.h:13	commented	Doxygen 说明签名文本来源和缓冲区失败状态
zr_vm_parser/src/zr_vm_parser/semantic/semantic_query_public_contract.c	public_contract_hash_wire_constants	constant-group	public_contract_hash_byte@zr_vm_parser/src/zr_vm_parser/semantic/semantic_query_public_contract.c:31;public_contract_collect_function@zr_vm_parser/src/zr_vm_parser/semantic/semantic_query_public_contract.c:582;public_contract_collect_variable@zr_vm_parser/src/zr_vm_parser/semantic/semantic_query_public_contract.c:615;ZrParser_SemanticQuery_PublicContract@zr_vm_parser/src/zr_vm_parser/semantic/semantic_query_public_contract.c:654,725	固定 FNV-1a 初始值、乘数与摘要 schema 版本	调整常量会改变已缓存摘要；结构字段变化须提升 schema 版本	zr_vm_parser/src/zr_vm_parser/semantic/semantic_query_public_contract.c:11;zr_vm_parser/src/zr_vm_parser/semantic/semantic_query_public_contract.c:12;zr_vm_parser/src/zr_vm_parser/semantic/semantic_query_public_contract.c:13;zr_vm_parser/src/zr_vm_parser/semantic/semantic_query_public_contract.c:31;zr_vm_parser/src/zr_vm_parser/semantic/semantic_query_public_contract.c:654;zr_vm_parser/src/zr_vm_parser/semantic/semantic_query_public_contract.c:725	commented	摘要常量属于跨刷新稳定 wire 输入
zr_vm_parser/src/zr_vm_parser/semantic/semantic_query_public_contract.c	EZrPublicContractExportKind	type	public_contract_export_compare@zr_vm_parser/src/zr_vm_parser/semantic/semantic_query_public_contract.c:486;public_contract_collect_function@zr_vm_parser/src/zr_vm_parser/semantic/semantic_query_public_contract.c:601;public_contract_collect_variable@zr_vm_parser/src/zr_vm_parser/semantic/semantic_query_public_contract.c:634;ZrParser_SemanticQuery_PublicContract@zr_vm_parser/src/zr_vm_parser/semantic/semantic_query_public_contract.c:730	为参与摘要的函数/变量种类提供稳定编号	数值进入 hash stream；重排会改变摘要	zr_vm_parser/src/zr_vm_parser/semantic/semantic_query_public_contract.c:16;zr_vm_parser/src/zr_vm_parser/semantic/semantic_query_public_contract.c:17;zr_vm_parser/src/zr_vm_parser/semantic/semantic_query_public_contract.c:18;zr_vm_parser/src/zr_vm_parser/semantic/semantic_query_public_contract.c:486;zr_vm_parser/src/zr_vm_parser/semantic/semantic_query_public_contract.c:601;zr_vm_parser/src/zr_vm_parser/semantic/semantic_query_public_contract.c:634;zr_vm_parser/src/zr_vm_parser/semantic/semantic_query_public_contract.c:730	commented	编号语义是摘要协议的一部分
zr_vm_parser/src/zr_vm_parser/semantic/semantic_query_public_contract.c	SZrPublicContractExport	type	public_contract_export_compare@zr_vm_parser/src/zr_vm_parser/semantic/semantic_query_public_contract.c:482;public_contract_collect_function@zr_vm_parser/src/zr_vm_parser/semantic/semantic_query_public_contract.c:578;public_contract_collect_variable@zr_vm_parser/src/zr_vm_parser/semantic/semantic_query_public_contract.c:611;ZrParser_SemanticQuery_PublicContract@zr_vm_parser/src/zr_vm_parser/semantic/semantic_query_public_contract.c:680,684,723,728	在查询内暂存导出类别、借用名称和单项摘要	临时数组由查询释放；名称来自同代 AST/语义快照，不得逸出查询	zr_vm_parser/src/zr_vm_parser/semantic/semantic_query_public_contract.c:22;zr_vm_parser/src/zr_vm_parser/semantic/semantic_query_public_contract.c:23;zr_vm_parser/src/zr_vm_parser/semantic/semantic_query_public_contract.c:24;zr_vm_parser/src/zr_vm_parser/semantic/semantic_query_public_contract.c:25;zr_vm_parser/src/zr_vm_parser/semantic/semantic_query_public_contract.c:26;zr_vm_parser/src/zr_vm_parser/semantic/semantic_query_public_contract.c:482;zr_vm_parser/src/zr_vm_parser/semantic/semantic_query_public_contract.c:578;zr_vm_parser/src/zr_vm_parser/semantic/semantic_query_public_contract.c:611;zr_vm_parser/src/zr_vm_parser/semantic/semantic_query_public_contract.c:679;zr_vm_parser/src/zr_vm_parser/semantic/semantic_query_public_contract.c:683;zr_vm_parser/src/zr_vm_parser/semantic/semantic_query_public_contract.c:723;zr_vm_parser/src/zr_vm_parser/semantic/semantic_query_public_contract.c:728	commented	暂存结构不属于输出 ABI
zr_vm_parser/src/zr_vm_parser/semantic/semantic_query_public_contract.c	public_contract_hash_byte	helper	public_contract_hash_word@zr_vm_parser/src/zr_vm_parser/semantic/semantic_query_public_contract.c:39;public_contract_hash_string@zr_vm_parser/src/zr_vm_parser/semantic/semantic_query_public_contract.c:59	把一个字节混入 FNV-1a 状态	输入累加器须已初始化；算术按无符号 64 位回绕	zr_vm_parser/src/zr_vm_parser/semantic/semantic_query_public_contract.c:29;zr_vm_parser/src/zr_vm_parser/semantic/semantic_query_public_contract.c:30;zr_vm_parser/src/zr_vm_parser/semantic/semantic_query_public_contract.c:31	commented	哈希原语集中定义字节序列更新
zr_vm_parser/src/zr_vm_parser/semantic/semantic_query_public_contract.c	public_contract_hash_word	helper	public_contract_hash_string@zr_vm_parser/src/zr_vm_parser/semantic/semantic_query_public_contract.c:57;public_contract_hash_function_type@zr_vm_parser/src/zr_vm_parser/semantic/semantic_query_public_contract.c:128;public_contract_hash_type@zr_vm_parser/src/zr_vm_parser/semantic/semantic_query_public_contract.c:245;ZrParser_SemanticQuery_PublicContract@zr_vm_parser/src/zr_vm_parser/semantic/semantic_query_public_contract.c:725,726,730,734	按低字节优先把 64 位值拆为固定字节流	平台字节序不参与；所有整数字段先提升到 64 位	zr_vm_parser/src/zr_vm_parser/semantic/semantic_query_public_contract.c:35;zr_vm_parser/src/zr_vm_parser/semantic/semantic_query_public_contract.c:36;zr_vm_parser/src/zr_vm_parser/semantic/semantic_query_public_contract.c:38;zr_vm_parser/src/zr_vm_parser/semantic/semantic_query_public_contract.c:39;tests/parser/test_semantic_query_public_contract_cases.h:228;tests/parser/test_semantic_query_public_contract_cases.h:256	commented	稳定编码避免主机端序影响摘要
zr_vm_parser/src/zr_vm_parser/semantic/semantic_query_public_contract.c	public_contract_hash_string	helper	public_contract_hash_type@zr_vm_parser/src/zr_vm_parser/semantic/semantic_query_public_contract.c:252;public_contract_hash_source_callable_shape@zr_vm_parser/src/zr_vm_parser/semantic/semantic_query_public_contract.c:566;ZrParser_SemanticQuery_PublicContract@zr_vm_parser/src/zr_vm_parser/semantic/semantic_query_public_contract.c:731	以字节长度和文本字节编码名称	文本对象/底层 native buffer 缺失时失败；名称区分大小写和字节内容	zr_vm_parser/src/zr_vm_parser/semantic/semantic_query_public_contract.c:44;zr_vm_parser/src/zr_vm_parser/semantic/semantic_query_public_contract.c:46;zr_vm_parser/src/zr_vm_parser/semantic/semantic_query_public_contract.c:52;tests/parser/test_semantic_query_public_contract_cases.h:228;zr_vm_parser/src/zr_vm_parser/semantic/semantic_query_public_contract.c:59;tests/parser/test_semantic_query_public_contract_cases.h:323;tests/parser/test_semantic_query_public_contract_cases.h:331	commented	文本长度前缀避免拼接歧义
zr_vm_parser/src/zr_vm_parser/semantic/semantic_query_public_contract.c	public_contract_array_is_readable	helper	public_contract_hash_type_id_array@zr_vm_parser/src/zr_vm_parser/semantic/semantic_query_public_contract.c:92;public_contract_hash_function_type@zr_vm_parser/src/zr_vm_parser/semantic/semantic_query_public_contract.c:123;public_contract_hash_generic_instance@zr_vm_parser/src/zr_vm_parser/semantic/semantic_query_public_contract.c:181;public_contract_hash_generic_parameters@zr_vm_parser/src/zr_vm_parser/semantic/semantic_query_public_contract.c:358;public_contract_find_function@zr_vm_parser/src/zr_vm_parser/semantic/semantic_query_public_contract.c:395;public_contract_find_variable@zr_vm_parser/src/zr_vm_parser/semantic/semantic_query_public_contract.c:425;public_contract_hash_source_callable_shape@zr_vm_parser/src/zr_vm_parser/semantic/semantic_query_public_contract.c:540;ZrParser_SemanticQuery_PublicContract@zr_vm_parser/src/zr_vm_parser/semantic/semantic_query_public_contract.c:672	校验动态数组布局后再按元素类型读取	isValid、elementSize 必须匹配；非空数组必须有 head	zr_vm_parser/src/zr_vm_parser/semantic/semantic_query_public_contract.c:65;zr_vm_parser/src/zr_vm_parser/semantic/semantic_query_public_contract.c:68;zr_vm_parser/src/zr_vm_parser/semantic/semantic_query_public_contract.c:69;zr_vm_parser/src/zr_vm_parser/semantic/semantic_query_public_contract.c:70	commented	集中处理不同 hash helper 共用的容器前置检查
zr_vm_parser/src/zr_vm_parser/semantic/semantic_query_public_contract.c	public_contract_hash_type	internal-function	public_contract_hash_type_id_array@zr_vm_parser/src/zr_vm_parser/semantic/semantic_query_public_contract.c:100;public_contract_hash_function_type@zr_vm_parser/src/zr_vm_parser/semantic/semantic_query_public_contract.c:134,150;public_contract_hash_generic_instance@zr_vm_parser/src/zr_vm_parser/semantic/semantic_query_public_contract.c:174,197;public_contract_hash_type@zr_vm_parser/src/zr_vm_parser/semantic/semantic_query_public_contract.c:275,291,313,322,331;public_contract_collect_function@zr_vm_parser/src/zr_vm_parser/semantic/semantic_query_public_contract.c:592;public_contract_collect_variable@zr_vm_parser/src/zr_vm_parser/semantic/semantic_query_public_contract.c:625	递归编码 canonical 类型结构并归一化泛型参数身份	TypeId 必须有效且处于本 context；递归深度有界；未知 kind 和 ERROR 类型拒绝	zr_vm_parser/src/zr_vm_parser/semantic/semantic_query_public_contract.c:74;zr_vm_parser/src/zr_vm_parser/semantic/semantic_query_public_contract.c:228;zr_vm_parser/src/zr_vm_parser/semantic/semantic_query_public_contract.c:229;zr_vm_parser/src/zr_vm_parser/semantic/semantic_query_public_contract.c:245;zr_vm_parser/src/zr_vm_parser/semantic/semantic_query_public_contract.c:249;zr_vm_parser/src/zr_vm_parser/semantic/semantic_query_public_contract.c:326;zr_vm_parser/src/zr_vm_parser/semantic/semantic_query_public_contract.c:334;zr_vm_parser/src/zr_vm_parser/semantic/semantic_query_public_contract.c:339;zr_vm_parser/include/zr_vm_parser/canonical_type.h:261;zr_vm_parser/include/zr_vm_parser/canonical_type.h:276;tests/parser/test_semantic_query_public_contract_cases.h:337;tests/parser/test_semantic_query_public_contract_cases.h:386	commented	声明与定义共同构成同一递归类型编码器
zr_vm_parser/src/zr_vm_parser/semantic/semantic_query_public_contract.c	public_contract_hash_type_id_array	helper	public_contract_hash_type@zr_vm_parser/src/zr_vm_parser/semantic/semantic_query_public_contract.c:283,300	按数组顺序递归编码 TypeId 列表	数组元素类型/布局错误或任一 TypeId 不可编码时失败	zr_vm_parser/src/zr_vm_parser/semantic/semantic_query_public_contract.c:83;zr_vm_parser/src/zr_vm_parser/semantic/semantic_query_public_contract.c:92;zr_vm_parser/src/zr_vm_parser/semantic/semantic_query_public_contract.c:95;zr_vm_parser/src/zr_vm_parser/semantic/semantic_query_public_contract.c:100;zr_vm_parser/src/zr_vm_parser/semantic/semantic_query_public_contract.c:283;zr_vm_parser/src/zr_vm_parser/semantic/semantic_query_public_contract.c:300	commented	元组与联合分支复用同一有序容器编码
zr_vm_parser/src/zr_vm_parser/semantic/semantic_query_public_contract.c	public_contract_hash_function_type	helper	public_contract_hash_type@zr_vm_parser/src/zr_vm_parser/semantic/semantic_query_public_contract.c:339	编码函数型的参数合同、返回类型及效果	参数顺序参与 hash；receiverEffect 与 effectFlags 也参与	zr_vm_parser/src/zr_vm_parser/semantic/semantic_query_public_contract.c:114;zr_vm_parser/src/zr_vm_parser/semantic/semantic_query_public_contract.c:123;zr_vm_parser/src/zr_vm_parser/semantic/semantic_query_public_contract.c:128;zr_vm_parser/src/zr_vm_parser/semantic/semantic_query_public_contract.c:134;zr_vm_parser/src/zr_vm_parser/semantic/semantic_query_public_contract.c:143;zr_vm_parser/src/zr_vm_parser/semantic/semantic_query_public_contract.c:160;zr_vm_parser/include/zr_vm_parser/canonical_type.h:246;zr_vm_parser/include/zr_vm_parser/canonical_type.h:251	commented	函数类型的调用约束不能退化为返回类型
zr_vm_parser/src/zr_vm_parser/semantic/semantic_query_public_contract.c	public_contract_hash_generic_instance	helper	public_contract_hash_type@zr_vm_parser/src/zr_vm_parser/semantic/semantic_query_public_contract.c:265	编码泛型定义和有序实参	每项必须是支持的类型、整型常量或同 owner 泛型常量参数	zr_vm_parser/src/zr_vm_parser/semantic/semantic_query_public_contract.c:165;zr_vm_parser/src/zr_vm_parser/semantic/semantic_query_public_contract.c:174;zr_vm_parser/src/zr_vm_parser/semantic/semantic_query_public_contract.c:181;zr_vm_parser/src/zr_vm_parser/semantic/semantic_query_public_contract.c:186;zr_vm_parser/src/zr_vm_parser/semantic/semantic_query_public_contract.c:194;zr_vm_parser/src/zr_vm_parser/semantic/semantic_query_public_contract.c:197;zr_vm_parser/src/zr_vm_parser/semantic/semantic_query_public_contract.c:208;zr_vm_parser/src/zr_vm_parser/semantic/semantic_query_public_contract.c:217;zr_vm_parser/src/zr_vm_parser/semantic/semantic_query_public_contract.c:228;tests/parser/test_semantic_query_public_contract_cases.h:290;tests/parser/test_semantic_query_public_contract_cases.h:307;tests/parser/test_semantic_query_public_contract_cases.h:308	commented	区分实参种类并保持顺序
zr_vm_parser/src/zr_vm_parser/semantic/semantic_query_public_contract.c	public_contract_hash_generic_parameters	helper	public_contract_collect_function@zr_vm_parser/src/zr_vm_parser/semantic/semantic_query_public_contract.c:589	编码函数泛型形参及其能力/所有权约束	约束名未规范化时拒绝而非按文本猜测稳定身份	zr_vm_parser/src/zr_vm_parser/semantic/semantic_query_public_contract.c:352;zr_vm_parser/src/zr_vm_parser/semantic/semantic_query_public_contract.c:358;zr_vm_parser/src/zr_vm_parser/semantic/semantic_query_public_contract.c:363;zr_vm_parser/src/zr_vm_parser/semantic/semantic_query_public_contract.c:374;zr_vm_parser/src/zr_vm_parser/semantic/semantic_query_public_contract.c:383;tests/parser/test_semantic_query_public_contract_cases.h:482;tests/parser/test_semantic_query_public_contract_cases.h:514	commented	泛型 owner 用 symbolId 与 ordinal 归一化
zr_vm_parser/src/zr_vm_parser/semantic/semantic_query_public_contract.c	public_contract_find_function	helper	public_contract_collect_function@zr_vm_parser/src/zr_vm_parser/semantic/semantic_query_public_contract.c:580	按 AST 声明地址找唯一函数类型记录	环境数组无效或重复关联时返回 NULL；不以名称单独匹配重载	zr_vm_parser/src/zr_vm_parser/semantic/semantic_query_public_contract.c:389;zr_vm_parser/src/zr_vm_parser/semantic/semantic_query_public_contract.c:395;zr_vm_parser/src/zr_vm_parser/semantic/semantic_query_public_contract.c:398;zr_vm_parser/src/zr_vm_parser/type_system.c:1544;zr_vm_parser/src/zr_vm_parser/type_system.c:1716;zr_vm_parser/src/zr_vm_parser/semantic/semantic_query_public_contract.c:405;zr_vm_parser/src/zr_vm_parser/semantic/semantic_query_public_contract.c:407;zr_vm_parser/src/zr_vm_parser/semantic/semantic_query_public_contract.c:412	commented	AST identity 保持类型合同与具体声明一一关联
zr_vm_parser/src/zr_vm_parser/semantic/semantic_query_public_contract.c	public_contract_find_variable	helper	public_contract_collect_variable@zr_vm_parser/src/zr_vm_parser/semantic/semantic_query_public_contract.c:622	按声明节点/模式节点/名称唯一关联变量 symbol 与 TypeId	歧义或无效 symbol 表失败；TypeId 通过 outTypeId 输出	zr_vm_parser/src/zr_vm_parser/semantic/semantic_query_public_contract.c:416;zr_vm_parser/src/zr_vm_parser/semantic/semantic_query_public_contract.c:425;zr_vm_parser/src/zr_vm_parser/semantic/semantic_query_public_contract.c:431;zr_vm_parser/include/zr_vm_parser/semantic.h:131;zr_vm_parser/include/zr_vm_parser/semantic.h:139;zr_vm_parser/src/zr_vm_parser/semantic/semantic_query_public_contract.c:435;zr_vm_parser/src/zr_vm_parser/semantic/semantic_query_public_contract.c:436	commented	变量名不替代 semantic symbol 身份
zr_vm_parser/src/zr_vm_parser/semantic/semantic_query_public_contract.c	public_contract_export_compare_names	helper	public_contract_export_compare@zr_vm_parser/src/zr_vm_parser/semantic/semantic_query_public_contract.c:489	实现稳定名称字节序比较	底层文本须可读；字节前缀相同后用长度排序	zr_vm_parser/src/zr_vm_parser/semantic/semantic_query_public_contract.c:450;zr_vm_parser/src/zr_vm_parser/semantic/semantic_query_public_contract.c:456;zr_vm_parser/src/zr_vm_parser/semantic/semantic_query_public_contract.c:459;zr_vm_parser/src/zr_vm_parser/semantic/semantic_query_public_contract.c:461;zr_vm_parser/src/zr_vm_parser/semantic/semantic_query_public_contract.c:472	commented	不依赖 locale 或宿主字符串排序
zr_vm_parser/src/zr_vm_parser/semantic/semantic_query_public_contract.c	public_contract_export_compare	helper	ZrParser_SemanticQuery_PublicContract@zr_vm_parser/src/zr_vm_parser/semantic/semantic_query_public_contract.c:724	按 kind/name/hash 三段排序导出记录	作为 qsort 回调；名称比较异常时退化为相等	zr_vm_parser/src/zr_vm_parser/semantic/semantic_query_public_contract.c:481;zr_vm_parser/src/zr_vm_parser/semantic/semantic_query_public_contract.c:486;zr_vm_parser/src/zr_vm_parser/semantic/semantic_query_public_contract.c:489;zr_vm_parser/src/zr_vm_parser/semantic/semantic_query_public_contract.c:496;zr_vm_parser/src/zr_vm_parser/semantic/semantic_query_public_contract.c:720;zr_vm_parser/src/zr_vm_parser/semantic/semantic_query_public_contract.c:724	commented	qsort 顺序决定后续摘要遍历顺序
zr_vm_parser/src/zr_vm_parser/semantic/semantic_query_public_contract.c	public_contract_public_type_is_unsupported	helper	ZrParser_SemanticQuery_PublicContract@zr_vm_parser/src/zr_vm_parser/semantic/semantic_query_public_contract.c:708	识别尚无稳定摘要编码的公开聚合类型	只对 public struct/class/interface/enum/union 返回 unsupported；其他访问级别不触发	zr_vm_parser/src/zr_vm_parser/semantic/semantic_query_public_contract.c:502;zr_vm_parser/src/zr_vm_parser/semantic/semantic_query_public_contract.c:504;zr_vm_parser/src/zr_vm_parser/semantic/semantic_query_public_contract.c:505;zr_vm_parser/src/zr_vm_parser/semantic/semantic_query_public_contract.c:507;zr_vm_parser/src/zr_vm_parser/semantic/semantic_query_public_contract.c:509;zr_vm_parser/src/zr_vm_parser/semantic/semantic_query_public_contract.c:511;zr_vm_parser/src/zr_vm_parser/semantic/semantic_query_public_contract.c:513;tests/parser/test_semantic_query_public_contract_cases.h:437;tests/parser/test_semantic_query_public_contract_cases.h:445	commented	不完整类型表面会使整个结果不可用
zr_vm_parser/src/zr_vm_parser/semantic/semantic_query_public_contract.c	public_contract_hash_source_callable_shape	helper	public_contract_collect_function@zr_vm_parser/src/zr_vm_parser/semantic/semantic_query_public_contract.c:590	核对 AST 参数列表与 canonical parameterContracts 并哈希参数名	拒绝变参、装饰器、默认参数及参数装饰器；参数数须等于 canonical contract 数	zr_vm_parser/src/zr_vm_parser/semantic/semantic_query_public_contract.c:520;zr_vm_parser/src/zr_vm_parser/semantic/semantic_query_public_contract.c:531;zr_vm_parser/src/zr_vm_parser/semantic/semantic_query_public_contract.c:532;zr_vm_parser/src/zr_vm_parser/semantic/semantic_query_public_contract.c:533;zr_vm_parser/src/zr_vm_parser/semantic/semantic_query_public_contract.c:548;zr_vm_parser/src/zr_vm_parser/semantic/semantic_query_public_contract.c:553;zr_vm_parser/src/zr_vm_parser/semantic/semantic_query_public_contract.c:566;tests/parser/test_semantic_query_public_contract_cases.h:323;tests/parser/test_semantic_query_public_contract_cases.h:331;tests/parser/test_semantic_query_public_contract_cases.h:349;tests/parser/test_semantic_query_public_contract_cases.h:362	commented	参数名属于当前公开函数签名摘要
zr_vm_parser/src/zr_vm_parser/semantic/semantic_query_public_contract.c	public_contract_collect_function	helper	ZrParser_SemanticQuery_PublicContract@zr_vm_parser/src/zr_vm_parser/semantic/semantic_query_public_contract.c:696	将函数声明关联到唯一 FunctionTypeInfo 并合成单项摘要	要求声明名、symbolId、typeId 与 AST identity 一致；不支持形状或类型时整体失败	zr_vm_parser/src/zr_vm_parser/semantic/semantic_query_public_contract.c:574;zr_vm_parser/src/zr_vm_parser/semantic/semantic_query_public_contract.c:580;zr_vm_parser/src/zr_vm_parser/semantic/semantic_query_public_contract.c:589;zr_vm_parser/src/zr_vm_parser/semantic/semantic_query_public_contract.c:590;zr_vm_parser/src/zr_vm_parser/semantic/semantic_query_public_contract.c:592;zr_vm_parser/src/zr_vm_parser/semantic/semantic_query_public_contract.c:601;zr_vm_parser/src/zr_vm_parser/semantic/semantic_query_public_contract.c:604;zr_vm_parser/src/zr_vm_parser/compiler.c:760;zr_vm_parser/src/zr_vm_parser/type_system.c:1544;zr_vm_parser/src/zr_vm_parser/type_system.c:1716	commented	分离声明关联、源形状与类型结构编码
zr_vm_parser/src/zr_vm_parser/semantic/semantic_query_public_contract.c	public_contract_collect_variable	helper	ZrParser_SemanticQuery_PublicContract@zr_vm_parser/src/zr_vm_parser/semantic/semantic_query_public_contract.c:703	将可表示的顶层变量关联到 symbol 并哈希其 canonical type	只支持非 const 普通 identifier；类型无效或关联歧义使整个 query 失败	zr_vm_parser/src/zr_vm_parser/semantic/semantic_query_public_contract.c:608;zr_vm_parser/src/zr_vm_parser/semantic/semantic_query_public_contract.c:622;zr_vm_parser/src/zr_vm_parser/semantic/semantic_query_public_contract.c:625;zr_vm_parser/src/zr_vm_parser/semantic/semantic_query_public_contract.c:632;tests/parser/test_semantic_query_public_contract_cases.h:216;tests/parser/test_semantic_query_public_contract_cases.h:222;tests/parser/test_semantic_query_public_contract_cases.h:246;tests/parser/test_semantic_query_public_contract_cases.h:248;tests/parser/test_semantic_query_public_contract_cases.h:257;tests/parser/test_semantic_query_public_contract_cases.h:258;tests/parser/test_semantic_query_public_contract_cases.h:373;tests/parser/test_semantic_query_public_contract_cases.h:376;tests/parser/test_semantic_query_public_contract_cases.h:381;tests/parser/test_semantic_query_public_contract_cases.h:382	commented	类型身份必须来自 context 的语义 symbol
zr_vm_parser/src/zr_vm_parser/semantic/semantic_query_public_contract.c	ZrParser_SemanticQuery_PublicContract	interface	ZrLanguageServer_LspProject_UpdatePublicContractRecord@zr_vm_language_server/src/zr_vm_language_server/project/lsp_project_public_contract.c:25;semantic_public_contract_query@tests/parser/test_semantic_query_public_contract_cases.h:199	从完整同代快照生成当前 schema 可表示的模块契约摘要与条目数，供 LSP 反向依赖比较。	context、typeEnvironment、moduleRoot 须来自同一完整无诊断快照；schema v1 纳入普通顶层函数和显式 public mutable 变量，模块身份由调用方绑定。常规参数/诊断/不支持类型拒绝返回 false 并清零；若非空脚本中存在成功收集项，exports Init OOM 可遗留有效但空 head，首次 Push 断言或空目标复制。	zr_vm_parser/src/zr_vm_parser/semantic/semantic_query_public_contract.c:648;zr_vm_parser/src/zr_vm_parser/semantic/semantic_query_public_contract.c:661;zr_vm_parser/src/zr_vm_parser/semantic/semantic_query_public_contract.c:672;zr_vm_parser/src/zr_vm_parser/semantic/semantic_query_public_contract.c:682;zr_vm_parser/src/zr_vm_parser/semantic/semantic_query_public_contract.c:720;zr_vm_parser/src/zr_vm_parser/semantic/semantic_query_public_contract.c:736;zr_vm_parser/src/zr_vm_parser/semantic/semantic_query_public_contract.c:737;zr_vm_parser/include/zr_vm_parser/semantic_query.h:195;zr_vm_parser/include/zr_vm_parser/semantic_query.h:197;zr_vm_parser/include/zr_vm_parser/semantic_query.h:430;zr_vm_parser/include/zr_vm_parser/semantic_query.h:434;zr_vm_language_server/src/zr_vm_language_server/project/lsp_project_public_contract.c:25;zr_vm_language_server/src/zr_vm_language_server/project/lsp_project_public_contract.c:30;zr_vm_language_server/src/zr_vm_language_server/project/lsp_project_public_contract.c:31;zr_vm_language_server/src/zr_vm_language_server/project/lsp_project_public_contract.c:32;zr_vm_language_server/src/zr_vm_language_server/project/lsp_project_public_contract.c:52;zr_vm_language_server/src/zr_vm_language_server/project/lsp_project_public_contract.c:53;zr_vm_language_server/src/zr_vm_language_server/project/lsp_project_public_contract.c:54;zr_vm_language_server/src/zr_vm_language_server/project/lsp_project_public_contract.c:55;zr_vm_language_server/src/zr_vm_language_server/project/lsp_project_public_contract.c:72;zr_vm_language_server/src/zr_vm_language_server/project/lsp_project_public_contract.c:73;zr_vm_language_server/src/zr_vm_language_server/project/lsp_project_public_contract.c:74;zr_vm_language_server/src/zr_vm_language_server/project/lsp_project_public_contract.c:78;zr_vm_language_server/src/zr_vm_language_server/project/lsp_project.c:2941;zr_vm_language_server/src/zr_vm_language_server/project/lsp_project.c:2950;zr_vm_language_server/src/zr_vm_language_server/project/lsp_project.c:2955;zr_vm_parser/src/zr_vm_parser/semantic/semantic_query_public_contract.c:677;zr_vm_parser/src/zr_vm_parser/semantic/semantic_query_public_contract.c:681;zr_vm_parser/src/zr_vm_parser/semantic/semantic_query_public_contract.c:693;zr_vm_parser/src/zr_vm_parser/semantic/semantic_query_public_contract.c:696;zr_vm_parser/src/zr_vm_parser/semantic/semantic_query_public_contract.c:700;zr_vm_parser/src/zr_vm_parser/semantic/semantic_query_public_contract.c:701;zr_vm_parser/src/zr_vm_parser/semantic/semantic_query_public_contract.c:703;zr_vm_parser/src/zr_vm_parser/semantic/semantic_query_public_contract.c:707;zr_vm_parser/src/zr_vm_parser/semantic/semantic_query_public_contract.c:715;zr_vm_parser/src/zr_vm_parser/semantic/semantic_query_public_contract.c:716;zr_vm_parser/src/zr_vm_parser/semantic/semantic_query_public_contract.c:740;zr_vm_parser/src/zr_vm_parser/semantic/semantic_query_public_contract.c:742;zr_vm_parser/src/zr_vm_parser/semantic/semantic_query_public_contract.c:743;zr_vm_parser/src/zr_vm_parser/semantic/semantic_query_public_contract.c:745;zr_vm_core/include/zr_vm_core/memory.h:34;zr_vm_core/include/zr_vm_core/memory.h:37;zr_vm_core/include/zr_vm_core/memory.h:39;zr_vm_core/include/zr_vm_core/array.h:37;zr_vm_core/include/zr_vm_core/array.h:38;zr_vm_core/include/zr_vm_core/array.h:39;zr_vm_core/include/zr_vm_core/array.h:40;zr_vm_core/include/zr_vm_core/array.h:41;zr_vm_core/include/zr_vm_core/array.h:42;zr_vm_core/include/zr_vm_core/array.h:73;zr_vm_core/include/zr_vm_core/array.h:74;zr_vm_core/include/zr_vm_core/array.h:76;zr_vm_core/include/zr_vm_core/array.h:88;zr_vm_language_server/src/zr_vm_language_server/project/lsp_project.c:2101;zr_vm_language_server/src/zr_vm_language_server/project/lsp_project.c:2102;zr_vm_language_server/src/zr_vm_language_server/project/lsp_project.c:2103;zr_vm_language_server/src/zr_vm_language_server/project/lsp_project.c:2104;zr_vm_language_server/src/zr_vm_language_server/project/lsp_project.c:2105;zr_vm_language_server/src/zr_vm_language_server/project/lsp_project_public_contract.c:17;zr_vm_language_server/src/zr_vm_language_server/project/lsp_project_public_contract.c:18;zr_vm_language_server/src/zr_vm_language_server/project/lsp_project_public_contract.c:19;tests/parser/test_semantic_query_public_contract_cases.h:47;tests/parser/test_semantic_query_public_contract_cases.h:48;tests/parser/test_semantic_query_public_contract_cases.h:49;tests/parser/test_semantic_query_public_contract_cases.h:60;tests/parser/test_semantic_query_public_contract_cases.h:65;tests/parser/test_semantic_query_public_contract_cases.h:67;tests/parser/test_semantic_query_public_contract_cases.h:71;tests/parser/test_semantic_query_public_contract_cases.h:80;tests/parser/test_semantic_query_public_contract_cases.h:194;tests/parser/test_semantic_query_public_contract_cases.h:199;tests/parser/test_semantic_query_public_contract_cases.h:203;tests/parser/test_semantic_query_public_contract_cases.h:238;tests/parser/test_semantic_query_public_contract_cases.h:241;tests/parser/test_semantic_query_public_contract_cases.h:244;tests/parser/test_semantic_query_public_contract_cases.h:246;tests/parser/test_semantic_query_public_contract_cases.h:247;tests/parser/test_semantic_query_public_contract_cases.h:248;tests/parser/test_semantic_query_public_contract_cases.h:249;tests/parser/test_semantic_query_public_contract_cases.h:251;tests/parser/test_semantic_query_public_contract_cases.h:256;tests/parser/test_semantic_query_public_contract_cases.h:257;tests/parser/test_semantic_query_public_contract_cases.h:258;tests/language_server/test_lsp_project_public_contract_cases.h:11;tests/language_server/test_lsp_project_public_contract_cases.h:14;tests/language_server/test_lsp_project_public_contract_cases.h:17;tests/language_server/test_lsp_project_public_contract_cases.h:20;tests/language_server/test_lsp_project_public_contract_cases.h:21;tests/language_server/test_lsp_project_public_contract_cases.h:136;tests/language_server/test_lsp_project_public_contract_cases.h:137;tests/language_server/test_lsp_project_public_contract_cases.h:138;zr_vm_parser/src/zr_vm_parser/semantic/semantic_query_public_contract.c:658;zr_vm_parser/src/zr_vm_parser/semantic/semantic_query_public_contract.c:659;zr_vm_language_server/src/zr_vm_language_server/project/lsp_project_public_contract.c:66;zr_vm_language_server/src/zr_vm_language_server/project/lsp_project_public_contract.c:68;zr_vm_language_server/src/zr_vm_language_server/project/lsp_project_public_contract.c:70	BUG	合法上游可达：LSP project 注册源码后调用 UpdatePublicContractRecord，再进入此 API；parser 与 LSP fixtures 均含可成功收集的非空公开声明。Array_Init 的 RawMalloc 可返回 NULL 却仍设置 isValid，Array_Push 断言 head 或继续 RawCopy；故障不会走 API 的普通 false/zero，也不能令 LSP 正常标记 unavailable。初始 capacity 等于 statementCount，且每条 AST 至多 Push 一项，未证明 growth 可达；仅静态链，未作 OOM 注入。
zr_vm_parser/src/zr_vm_parser/semantic/semantic_query_public_contract.c	PublicContract::ordinary_function_visibility_coverage	contract-block	ZrLanguageServer_LspProject_UpdatePublicContractRecord@zr_vm_language_server/src/zr_vm_language_server/project/lsp_project_public_contract.c:25;semantic_public_contract_query@tests/parser/test_semantic_query_public_contract_cases.h:199	说明 schema v1 对普通函数 visibility 的既定保守范围及 LSP 导入者失效影响。	canonical facts 尚未保存普通函数 visibility，所以所有普通顶层函数参与摘要；变量仅显式 public mutable 声明参与。private 函数签名变化可在摘要成功时触发保守重析；现有 LSP fixture 的私有变更仅覆盖变量类型。	zr_vm_parser/src/zr_vm_parser/semantic/semantic_query_public_contract.c:693;zr_vm_parser/src/zr_vm_parser/semantic/semantic_query_public_contract.c:694;zr_vm_parser/src/zr_vm_parser/semantic/semantic_query_public_contract.c:696;docs/plans/lsp/03-robustness/2026-07-20-canonical-source-public-contract-hash.md:39;docs/plans/lsp/03-robustness/2026-07-20-canonical-source-public-contract-hash.md:76;docs/parser-and-semantics/semantic-fact-layer.md:1266;zr_vm_language_server/src/zr_vm_language_server/project/lsp_project_public_contract.c:25;zr_vm_language_server/src/zr_vm_language_server/project/lsp_project_public_contract.c:30;zr_vm_language_server/src/zr_vm_language_server/project/lsp_project_public_contract.c:31;zr_vm_language_server/src/zr_vm_language_server/project/lsp_project_public_contract.c:32;zr_vm_language_server/src/zr_vm_language_server/project/lsp_project_public_contract.c:72;zr_vm_language_server/src/zr_vm_language_server/project/lsp_project_public_contract.c:73;zr_vm_language_server/src/zr_vm_language_server/project/lsp_project_public_contract.c:74;zr_vm_language_server/src/zr_vm_language_server/project/lsp_project_public_contract.c:78;zr_vm_language_server/src/zr_vm_language_server/project/lsp_project.c:2941;zr_vm_language_server/src/zr_vm_language_server/project/lsp_project.c:2950;zr_vm_language_server/src/zr_vm_language_server/project/lsp_project.c:2955;tests/language_server/test_lsp_project_public_contract_cases.h:22;tests/language_server/test_lsp_project_public_contract_cases.h:35;tests/language_server/test_lsp_project_public_contract_cases.h:149;tests/language_server/test_lsp_project_public_contract_cases.h:177	commented	当前设计记录明确接受普通顶层函数 visibility 缺失带来的保守纳入，因此这是已记录的过失效范围而非已证实缺陷；本行源码注释澄清该范围。现有 fixture 只改变 private 变量类型并验证 importer 保留，不证明 private 函数签名变化的策略。
